Last Name,First Name,Date of Birth,Age,NHS No,Address,Date of death,CMS No,Keyworker,Email,Is a Carer,No of Carers,Service Event Desc,Service Event Start,Service Event End
Mullins,Rodney,2000-11-05,22,58,"350 Adrian Inlet Suite 041 Susanfurt, RI 76806",1972-05-29,13,Karen Ray,patricia58@example.com,No,22,close,1988-11-27,2003-05-29
Peterson,Charles,1992-01-19,31,83,"3662 Angela Shore Jaredburgh, MI 04813",1962-02-13,63,Sara Green,cooperalice@example.net,No,48,election,2004-02-11,1983-02-28
Lee,Amanda,1980-01-25,43,75,"91291 Wendy Ports Port Glennfort, MT 87776",1961-04-05,8,Joseph Ramos,dhernandez@example.com,Yes,28,order,1969-09-29,1971-07-16
Torres,Patty,1971-04-11,52,23,"4851 Bridget Ford West Richardfurt, NY 81340",1977-05-28,13,Richard Dominguez,riosbetty@example.net,Yes,57,election,1981-03-03,1980-08-31
Brown,Gina,1961-12-27,61,8,"3481 Taylor Stream Port David, NV 52648",1988-12-27,69,Stephanie Singleton,sheaisaiah@example.org,No,70,allow,1987-11-12,2004-04-25
Morris,Darryl,1993-01-27,30,88,"57427 Dixon Locks Apt. 973 West Russell, PW 51354",2000-03-07,7,Amber Allen,victordrake@example.net,Yes,89,trip,1964-05-07,1986-10-25
Nichols,Michelle,1971-08-28,52,1,"73827 Jerry Groves Suite 283 Jacobmouth, CO 32332",2002-06-20,22,Antonio George,xwood@example.net,No,83,my,1960-10-02,1984-06-13
Marquez,Tara,1946-04-30,77,6,"6267 Timothy Greens East Sarah, TN 04171",1980-01-05,82,Vanessa Watson,sgonzalez@example.com,No,70,entire,1992-07-27,1959-11-14
Oconnell,Christina,1973-04-10,50,26,"38421 Raymond Viaduct Suite 889 Wilsonton, NM 84177",1967-04-11,51,Rebecca Harris,buchanantravis@example.net,No,77,maintain,1982-02-04,1992-12-24
Freeman,Max,1972-06-14,51,36,USNV Gibson FPO AA 86101,1993-07-18,24,Richard Clarke,george09@example.com,Yes,12,charge,1990-06-02,1967-06-03
Chapman,Randall,2000-07-11,23,89,"3529 Brian Viaduct Suite 924 Port Alexisberg, RI 47534",1991-01-20,12,Tyrone Howell,reedshawn@example.net,No,72,specific,1970-05-17,2001-01-20
Thompson,Melanie,2002-08-20,21,0,"930 Alison Parkways East Brittanymouth, TN 85094",1983-07-14,74,Gary Pittman,adamscrystal@example.org,No,0,data,1990-11-11,1971-03-15
Hunt,Wendy,1952-05-21,71,76,"19015 Bryant Squares Michaelberg, AR 42169",1989-02-04,40,Cheryl Harris,mercedeshenderson@example.net,No,38,summer,2005-08-06,1989-06-16
Wilson,Lori,1988-09-18,35,56,"5036 Montgomery Land Lake Virginia, WY 34959",1973-12-15,79,Debra Thomas,amyryan@example.com,Yes,100,civil,2005-07-28,1971-04-07
Holt,Sydney,1947-02-20,76,50,"2946 Reyes Union Apt. 635 North Joseborough, ND 33768",1990-05-28,65,Charles Fuller,raymond18@example.net,Yes,22,nothing,1990-12-22,1965-03-09
Brown,Grace,1956-05-31,67,71,"4927 James Mount South Danielton, AS 62606",1964-01-27,12,Joseph Schneider,fcastillo@example.org,No,15,remember,1990-12-16,1983-04-26
King,Allison,2002-04-02,21,21,USNV Fields FPO AP 65936,1965-01-24,80,Angela Wheeler,lozanocourtney@example.com,Yes,13,project,1959-08-03,1985-12-26
Flowers,Stanley,1995-09-02,28,20,"55177 Smith Ville Apt. 229 West Christopher, AK 56715",1972-05-02,95,Kim Hawkins,hensonvickie@example.net,Yes,97,face,1971-02-01,1979-11-10
Alexander,Sean,1958-06-08,65,69,"491 Thomas Ville Judystad, NJ 11313",1970-12-15,25,Amber Thompson,awatkins@example.net,No,86,name,1984-06-26,1969-04-08
Miller,Antonio,1982-03-24,41,34,"6762 Brooke Forges Apt. 493 Lake John, KY 46919",1981-06-01,12,Daniel Richards,samuel11@example.org,Yes,50,food,1986-11-02,1964-01-15
Johnson,Charles,1949-04-11,74,65,"795 David Hills Lake Jody, MT 56297",1987-02-28,57,Julia Davis,qbryant@example.net,Yes,47,democratic,1965-05-24,1986-10-23
Dominguez,Bradley,1979-05-26,44,65,"4402 Caleb Keys Lake Sara, VI 45781",1981-07-23,20,Matthew Stewart,daniel97@example.net,Yes,20,always,1995-06-04,1996-01-30
Reyes,Joel,1998-02-23,25,32,"2608 Murphy Manors Matthewport, PR 28897",1975-01-10,23,Connie Harris,dakota13@example.org,Yes,47,quickly,1979-01-12,1961-06-11
Gonzalez,Brian,1961-10-02,62,96,"97997 Johnny Ferry Suite 744 West Keith, MP 26470",1961-08-18,66,Julie Miller,kellyjohnson@example.com,Yes,73,available,1968-05-25,1986-01-21
Graham,Jennifer,2000-12-15,22,29,"719 Glover Underpass Cherylport, CA 37930",2005-07-26,54,Kevin Smith,paul72@example.net,Yes,49,southern,1959-03-26,1995-11-09
Griffin,Glenn,1992-08-14,31,30,USS Osborn FPO AE 91014,1971-08-22,74,Brandon Taylor,alan12@example.org,No,53,cause,1963-12-31,1970-01-12
Cummings,Kevin,1963-05-12,60,35,"174 Denise Viaduct Apt. 425 Lynchland, MA 45987",2003-05-08,87,Peter Good,yjames@example.org,No,53,list,1974-05-19,1993-02-06
Adams,Crystal,1994-06-13,29,69,"5195 Martinez Wells Apt. 382 Port Tiffany, PA 22382",1967-02-13,4,Karen Hill,kjohnson@example.net,No,62,sometimes,2000-12-18,1986-06-03
Vazquez,Bobby,1941-11-21,81,76,"372 Patrick Green Suite 400 Powellburgh, NH 49926",1983-10-16,53,Aaron Thompson,vgibson@example.net,Yes,24,describe,1989-03-13,1998-10-30
Reeves,Bonnie,1972-02-22,51,19,"29319 Kevin Ridge Suite 049 South Tiffany, SC 25846",1981-07-17,65,Tracy Hernandez,sandersbrandy@example.com,No,14,grow,2002-04-09,1975-11-01
Young,Kim,2000-02-22,23,37,"2096 Thomas Lights Suite 395 West Gloriaberg, GA 34198",1964-12-17,63,Jared Gibbs,alexanderkelly@example.net,No,6,face,1964-12-23,1969-06-13
Thompson,Keith,1993-02-22,30,34,"88849 Ashley Villages South Jamesport, TX 34490",1989-04-02,50,James Warren,scott02@example.com,Yes,90,financial,1986-05-03,1980-07-10
Montgomery,Charles,1940-11-08,82,99,"17239 Wright Underpass Arnoldchester, KY 61059",1991-05-21,23,Ian Haynes,rick94@example.org,No,21,approach,1967-08-29,1982-04-03
Gamble,David,1978-09-26,45,64,"97733 Hill Via Brooksville, MO 53431",1994-08-28,75,Michael Stewart,lauren80@example.com,No,40,nation,1991-10-12,1974-10-30
Burton,Lisa,1993-12-20,29,49,"747 Chambers Island Apt. 337 Ronaldberg, MH 28187",1990-01-05,38,Robert Ruiz,samuelbarrett@example.net,No,55,determine,1963-07-06,1970-10-24
Walker,Rachel,1975-08-25,48,98,"3632 Eric Valleys Suite 980 Fosterbury, KY 63624",1986-07-09,32,Mario Fuentes,crystal50@example.com,No,56,notice,1981-03-20,1964-07-25
Haney,Francis,2005-03-03,18,93,"55863 Amber Street Simpsontown, MI 38800",1974-11-30,82,William Smith,wnelson@example.org,Yes,36,again,1972-07-13,1985-04-01
Jones,Jacob,1958-10-07,65,8,"8722 White Ville Apt. 814 South Jon, SD 42462",2000-11-03,87,Taylor Williams,jenniferjohnson@example.com,Yes,89,whether,1979-08-22,1968-11-18
Garcia,Matthew,2003-03-19,20,63,"PSC 0340, Box 3299 APO AA 68843",1978-02-19,54,Jose Potts,trevorgeorge@example.net,No,83,leg,1971-10-03,2002-11-19
Hill,Warren,1999-10-07,24,33,USS Mills FPO AP 90074,1994-01-04,65,Joseph Harvey,mcdonaldjacob@example.net,No,47,interest,2004-08-22,2001-01-06
Henry,Mark,1945-08-23,78,19,"536 Tyler Gateway Apt. 295 West Michaelside, OR 80238",1968-08-05,67,Jill Mendoza,greenerhonda@example.com,No,86,building,1974-02-09,1960-07-27
Thompson,Kelly,1940-07-22,83,11,"229 Corey Mall Suite 754 Jennybury, KY 42408",1990-06-01,32,Julia Mccormick,david94@example.net,No,75,country,1973-05-20,1978-02-12
Mitchell,Lindsay,1992-09-13,31,38,"7431 Brittany Cape Apt. 992 Port Richard, SD 38684",2004-05-30,14,Aaron Aguilar,ellisonmichael@example.org,No,14,receive,1983-05-28,2001-05-25
Grant,David,1965-08-05,58,46,"0875 Taylor Island Hernandezberg, AS 43900",1962-04-14,36,Kathryn Martin,qsmith@example.com,No,21,scene,1996-12-29,1983-06-22
Fuentes,Elizabeth,1999-05-01,24,74,"1121 Corey Fields Apt. 467 South Julie, UT 94842",1959-11-15,50,Daniel Juarez,thomasbenjamin@example.org,Yes,96,develop,1975-03-20,1978-08-24
Garcia,Elizabeth,1956-09-16,67,49,"144 Wanda Skyway Richardberg, NH 66215",1981-01-09,75,Anna Jackson,benjamin48@example.net,Yes,31,nor,1979-07-03,1962-07-05
Reyes,Rodney,1953-10-20,69,47,"27718 Chen Estate Apt. 433 New Katrina, NJ 40323",1967-04-06,39,Stacey Garcia,amandalong@example.net,No,8,off,1981-05-03,1986-10-23
Wilson,Patrick,1977-07-26,46,11,Unit 7800 Box 8762 DPO AE 57735,1967-12-16,2,Jeanette Torres,rebecca89@example.org,No,44,speak,1995-06-22,1982-12-06
Sanchez,Adam,1994-08-25,29,75,USCGC Hernandez FPO AA 50142,1961-06-12,31,Michael Smith,emilymorales@example.net,Yes,83,cover,1962-03-11,1972-11-22
Carpenter,Jessica,1997-03-03,26,88,"663 Jennifer Hollow Knappstad, MI 81359",2003-04-19,40,Ronald Jones,scampos@example.org,No,78,short,1977-08-05,1958-09-14
Moore,Garrett,1988-07-13,35,45,"792 Alexander Crest Apt. 684 Dannyport, CA 37551",1962-01-07,93,Victoria Conrad,michellegarcia@example.net,No,65,answer,1973-02-20,1961-08-19
Christensen,Amber,1977-04-10,46,75,"216 Joseph Isle Jacquelineshire, ND 33597",1977-09-02,58,Kelly Ramos,mcdanielmarc@example.net,Yes,27,ahead,1990-06-17,2005-06-20
Martinez,Karen,1958-12-04,64,73,"6072 Rebekah Row Ramirezfurt, UT 47735",1996-05-03,87,Bridget Evans,davischristine@example.org,Yes,21,red,1992-01-28,1978-09-23
Rodriguez,Brittney,1987-09-11,36,83,USCGC Delacruz FPO AE 02024,1983-05-19,52,Paula Randall,jason67@example.org,No,64,though,1968-06-26,1970-10-25
Pitts,Richard,1955-05-22,68,68,"19048 Sanchez Pines Lake Mark, ID 02465",1995-08-21,72,Jill Stein,ricardo24@example.com,No,77,talk,1996-12-17,1999-09-13
Smith,Brenda,1973-05-19,50,57,USCGC Johnson FPO AE 48121,1960-11-28,69,Ronald Nolan,davisdavid@example.com,No,51,administration,1991-03-05,1999-02-25
Ruiz,Vincent,1961-07-28,62,41,"293 Thomas Junctions Apt. 378 Lake Sabrinamouth, AL 09300",1997-08-18,36,Michael Hill,qphillips@example.org,Yes,57,benefit,2001-10-06,1986-11-11
Chandler,Austin,1965-08-19,58,81,"8226 Cheryl Branch Apt. 088 Joneshaven, IA 08294",1965-06-29,23,Michael Parker,gibsonkristy@example.org,No,11,rule,1994-05-24,1965-10-16
Montgomery,Jonathan,1944-08-11,79,58,Unit 8111 Box 6271 DPO AA 76831,1977-05-09,81,Lauren Castro,sarah55@example.com,No,31,hot,1996-01-31,1958-01-10
Bolton,Tanner,1943-07-11,80,73,"6458 Whitehead Prairie East Jacquelineview, CO 50741",1963-11-27,54,Brent Duran,vperkins@example.net,No,18,exactly,1966-10-21,1982-12-28
Wright,Mike,1967-08-13,56,59,"957 Justin Unions Jamesview, FM 42098",1977-10-23,25,Hannah Anderson,qwhite@example.org,Yes,18,his,1973-07-03,1967-07-31
Hernandez,Kayla,1984-08-07,39,3,"791 Nathan River Rodriguezstad, WA 20871",1958-05-15,68,Yolanda Huff,ruizelizabeth@example.org,Yes,9,much,1998-05-07,1990-01-02
Grimes,Karen,1983-10-29,39,86,"7200 Kevin Stravenue New Cassandraborough, MI 48746",1960-01-13,36,Jared Klein,michaellyons@example.net,No,73,enter,1998-11-07,2004-01-24
White,Samuel,1964-06-30,59,80,"287 Green Springs Suite 843 East Tricia, MO 54834",1976-10-18,48,Thomas Mendez,btate@example.org,No,98,cold,1958-03-01,2001-07-22
Holloway,Kyle,1979-12-09,43,6,"3542 Hammond Forest Port Jacobport, ND 50867",1989-07-26,52,Casey Russell,alexis46@example.com,No,52,woman,1993-04-28,1989-03-10
Dominguez,Katrina,2005-08-04,18,75,"117 Haynes Vista Suite 942 Port Melissa, WV 94684",1958-07-27,77,Matthew Jackson,williamskimberly@example.net,No,83,whole,1974-03-07,1983-05-10
Everett,George,1948-04-24,75,19,"892 Eric Springs Tracytown, RI 55005",1990-04-21,25,William Hernandez,ashleyhudson@example.org,No,64,reflect,1961-07-04,1971-08-22
Drake,Roger,1965-11-07,57,32,"16577 Mark Divide North Timothytown, MA 57128",2004-07-12,65,Derrick Davenport,reyesmark@example.net,Yes,7,condition,1973-11-01,1991-09-25
Walker,Veronica,1966-12-04,56,15,"862 Alan Gateway Suite 082 Denisebury, NM 85306",1959-03-10,92,Jeanne Morris,lesliegriffith@example.net,No,45,main,1990-05-12,1961-08-05
Munoz,Michael,1984-11-19,38,89,"8027 Jane Shoal Leonardchester, NE 35924",1969-08-30,46,Jasmine Soto,wtorres@example.org,No,2,name,1977-10-22,1985-11-28
Wagner,Christy,2001-06-21,22,36,"466 Porter Crest Rogersstad, UT 58359",1984-06-30,99,Joshua Lucero,mbaker@example.com,No,33,sense,1980-05-17,1972-12-25
Gaines,Martha,1990-12-29,32,92,"7870 Reid Mews Sarahstad, NY 04403",1963-05-30,60,Kenneth White,marcia96@example.org,Yes,24,collection,1976-07-28,1977-09-21
Jones,Krista,1967-01-08,56,31,"262 Donna Spring Suite 392 Dennismouth, MI 89044",1984-08-21,15,Matthew Hunt,teresabrooks@example.net,No,8,myself,1959-01-20,1973-10-07
Carr,James,1984-12-03,38,16,"62157 Jeffrey Course Lake Amyview, ID 96762",1972-12-18,51,Brent Hamilton,christophernelson@example.com,Yes,14,little,1972-09-11,1988-09-29
Brown,Joanna,1973-11-12,49,46,"11726 Madden Cliffs North James, KY 40864",2005-06-29,62,Erika Ramirez,lisa80@example.com,No,32,entire,1982-05-19,1979-12-03
Hamilton,Deborah,1948-03-23,75,32,"413 Brian Spurs Suite 105 Dominiquetown, AZ 92255",2002-08-18,60,Patricia Sanchez,melinda58@example.org,Yes,22,I,2005-01-13,1999-06-03
Carson,Richard,1990-02-04,33,11,"55535 Evan Spurs West Robert, AR 67241",1958-11-10,96,Rebecca Watson,todd73@example.com,Yes,10,service,2000-06-18,1985-06-24
Brown,Samantha,2001-02-26,22,62,"68883 Alvarez Trace Suite 810 West Nancy, MD 73257",1989-09-05,43,Shawn Rubio,ncrawford@example.net,Yes,43,speak,1978-06-28,1969-07-17
Phillips,Jay,1973-12-14,49,92,"490 Daniel Locks Apt. 537 Larryhaven, WA 23275",1979-02-10,59,Joshua Diaz,woodjames@example.net,No,15,card,1976-11-06,2004-07-17
Cisneros,Dawn,2002-05-04,21,24,"18837 Haney Manors North Brittanyside, HI 27348",1970-09-07,18,Michael Owens,brandon47@example.net,Yes,22,happen,1987-01-02,1999-04-25
Allen,Brittney,1942-04-07,81,38,"150 Rodriguez Fall East William, CA 82443",2004-01-24,20,Gregory Gallagher,weaverdiana@example.com,Yes,87,last,1966-09-26,2002-09-29
Johnson,Amber,1942-10-01,81,51,"072 Gordon Lights Suite 207 Port Williefort, MI 28622",1969-06-17,27,Laura Jimenez,duanemoore@example.net,No,13,practice,1960-11-07,1993-09-20
Roberts,Laura,1970-10-02,53,12,"PSC 9504, Box 1341 APO AP 79390",2001-04-02,74,Melissa Lee,icortez@example.org,Yes,96,various,1974-02-08,1996-03-30
Hansen,Joseph,1998-10-30,24,73,"8072 Green Village Suite 059 New Johnburgh, TX 47791",1991-09-22,91,Christopher Hernandez,boydstephen@example.com,No,72,easy,1970-11-22,1993-07-10
Long,Annette,1999-12-04,23,35,Unit 9567 Box 4874 DPO AP 69635,1978-11-22,69,Andrew Jones,jeffreywhitaker@example.net,Yes,99,tell,2001-11-06,1977-09-30
Davies,Julia,1993-06-27,30,7,"05924 Grant Isle Herringborough, ME 91071",1989-09-24,3,Michelle Perez,elainehopkins@example.com,No,97,Democrat,1958-12-14,1976-03-26
Garrett,Rebecca,1969-11-11,53,56,"493 Wanda Points Suite 466 Port Chelseashire, MH 17608",2000-04-24,53,Anthony Terry,lsweeney@example.net,No,16,join,1981-07-08,1964-08-28
