Last Name,First Name,Date of Birth,Age,NHS No,Address,Date of death,CMS No,Keyworker,Email,Is a Carer,No of Carers,Service/Event Desc,Service/Event Start,Service/Event End
Mullins,Rodney,2000-11-05,22,58,"350 Adrian Inlet Suite 041 Susanfurt, RI 76806",1998-05-11,55,include,dwebb@example.org,No,43,discover,1979-10-09,1995-06-16
Peterson,Charles,1992-01-19,31,83,"3662 Angela Shore Jaredburgh, MI 04813",1964-01-24,74,happy,abigail40@example.org,No,90,consider,1988-12-26,1988-08-21
Lee,Amanda,1980-01-25,43,75,"91291 Wendy Ports Port Glennfort, MT 87776",1985-07-09,28,already,watkinsmatthew@example.net,No,18,success,1994-12-16,2003-01-15
Travis,Kathleen,1979-02-09,44,59,"7427 Jennifer Centers Apt. 896 West Jacquelinestad, KS 93440",1958-06-21,21,yourself,anne46@example.net,No,29,information,1987-10-01,1979-07-27
Torres,Patty,1971-04-11,52,23,"4851 Bridget Ford West Richardfurt, NY 81340",1990-02-02,17,reflect,ashleydixon@example.net,No,67,shake,1977-08-28,1998-02-07
Brown,Gina,1961-12-27,61,8,"3481 Taylor Stream Port David, NV 52648",2001-01-01,0,pressure,xgriffin@example.com,No,86,should,1995-07-23,2003-04-02
Morris,Darryl,1993-01-27,30,88,"57427 Dixon Locks Apt. 973 West Russell, PW 51354",1963-01-04,67,life,kyle66@example.net,Yes,75,ago,1999-05-23,1982-11-04
Gamble,Philip,1981-01-28,42,18,"354 Douglas Loaf Port Randall, NH 99146",1968-12-10,26,begin,suzanne21@example.com,Yes,39,difference,1995-08-10,1994-11-16
Nichols,Michelle,1971-08-28,52,1,"73827 Jerry Groves Suite 283 Jacobmouth, CO 32332",1959-12-03,100,section,velezlisa@example.org,Yes,65,cell,1961-03-10,1967-03-19
Marquez,Tara,1946-04-30,77,6,"6267 Timothy Greens East Sarah, TN 04171",1973-06-13,9,wrong,melanie55@example.com,Yes,97,effect,1975-02-15,2002-11-22
Sullivan,Robin,1989-10-09,34,68,"PSC 3149, Box 0642 APO AE 44318",1974-01-02,35,cut,pjordan@example.net,No,15,upon,1968-02-02,1989-08-11
Morgan,Joshua,1957-05-17,66,72,"1060 Gardner Grove Apt. 531 Lisaburgh, ME 10401",1990-10-15,74,thought,teresahowell@example.com,Yes,50,whole,1989-06-06,1971-05-15
Oconnell,Christina,1973-04-10,50,26,"38421 Raymond Viaduct Suite 889 Wilsonton, NM 84177",1983-11-02,70,some,ksmith@example.net,Yes,81,professor,1987-12-28,2000-01-28
Freeman,Max,1972-06-14,51,36,USNV Gibson FPO AA 86101,1983-11-15,89,focus,whitakersabrina@example.org,No,5,challenge,1964-10-14,1993-12-02
Chapman,Randall,2000-07-11,23,89,"3529 Brian Viaduct Suite 924 Port Alexisberg, RI 47534",1997-11-23,36,major,virginiagray@example.net,No,45,house,1961-07-03,1995-08-17
Thompson,Melanie,2002-08-20,21,0,"930 Alison Parkways East Brittanymouth, TN 85094",1986-04-07,3,benefit,drakelaura@example.com,No,82,wind,1986-10-14,2004-10-09
Hunt,Wendy,1952-05-21,71,76,"19015 Bryant Squares Michaelberg, AR 42169",1991-05-28,5,know,brooke80@example.net,Yes,61,work,1978-12-12,1993-02-23
Wilson,Lori,1988-09-18,35,56,"5036 Montgomery Land Lake Virginia, WY 34959",1959-04-03,8,news,ndavis@example.net,No,75,something,1975-03-22,1985-12-20
Holt,Sydney,1947-02-20,76,50,"2946 Reyes Union Apt. 635 North Joseborough, ND 33768",1985-08-29,82,audience,rileyrachel@example.org,Yes,7,from,2003-10-07,1964-04-07
Brown,Grace,1956-05-31,67,71,"4927 James Mount South Danielton, AS 62606",1970-05-15,98,western,michaelhall@example.org,Yes,88,government,1964-09-29,1984-01-29
King,Allison,2002-04-02,21,21,USNV Fields FPO AP 65936,1971-07-06,9,fire,david18@example.org,No,15,change,1989-09-02,1978-08-16
Flowers,Stanley,1995-09-02,28,20,"55177 Smith Ville Apt. 229 West Christopher, AK 56715",1964-01-03,1,language,tcalhoun@example.com,Yes,0,a,1994-09-14,1962-12-12
Alexander,Sean,1958-06-08,65,69,"491 Thomas Ville Judystad, NJ 11313",1986-09-21,2,couple,ubrown@example.net,Yes,48,still,1977-09-28,1995-12-12
Miller,Antonio,1982-03-24,41,34,"6762 Brooke Forges Apt. 493 Lake John, KY 46919",1988-03-12,36,process,dillonbradley@example.com,No,70,street,1990-01-16,1976-08-23
Johnson,Charles,1949-04-11,74,65,"795 David Hills Lake Jody, MT 56297",1968-10-20,83,pick,lmorales@example.com,No,70,provide,1987-08-30,1997-08-30
Dominguez,Bradley,1979-05-26,44,65,"4402 Caleb Keys Lake Sara, VI 45781",1986-11-28,93,find,katieperkins@example.com,No,88,small,1995-06-28,1969-12-08
Reyes,Joel,1998-02-23,25,32,"2608 Murphy Manors Matthewport, PR 28897",1992-07-06,27,spring,herbertjones@example.com,Yes,52,deep,1975-04-28,1984-05-20
Gonzalez,Brian,1961-10-02,62,96,"97997 Johnny Ferry Suite 744 West Keith, MP 26470",1978-11-27,11,main,hleonard@example.com,Yes,88,common,1969-12-22,2004-08-16
Graham,Jennifer,2000-12-15,22,29,"719 Glover Underpass Cherylport, CA 37930",1984-01-15,88,serve,stevensonfrank@example.com,Yes,48,outside,1978-10-28,1965-08-13
Griffin,Glenn,1992-08-14,31,30,USS Osborn FPO AE 91014,1961-07-25,13,recently,christinemartin@example.net,No,42,five,1984-07-26,1981-01-10
Cummings,Kevin,1963-05-12,60,35,"174 Denise Viaduct Apt. 425 Lynchland, MA 45987",1990-03-19,89,mission,dana67@example.org,No,67,state,2002-04-22,1962-05-06
Adams,Crystal,1994-06-13,29,69,"5195 Martinez Wells Apt. 382 Port Tiffany, PA 22382",1974-05-01,85,money,thompsonmackenzie@example.org,No,82,inside,1959-01-15,1992-04-26
Vazquez,Bobby,1941-11-21,81,76,"372 Patrick Green Suite 400 Powellburgh, NH 49926",1969-10-27,51,do,lawrence35@example.org,No,52,free,1970-06-16,1968-11-02
Reeves,Bonnie,1972-02-22,51,19,"29319 Kevin Ridge Suite 049 South Tiffany, SC 25846",1995-02-18,2,sing,jonesmaxwell@example.net,No,9,treatment,2001-09-14,1991-12-21
Young,Kim,2000-02-22,23,37,"2096 Thomas Lights Suite 395 West Gloriaberg, GA 34198",1994-05-22,49,step,smithandrew@example.net,No,7,ball,1982-06-18,1965-07-29
Thompson,Keith,1993-02-22,30,34,"88849 Ashley Villages South Jamesport, TX 34490",1959-12-09,89,son,xali@example.org,Yes,18,particularly,1994-07-05,2000-05-30
Gamble,David,1978-09-26,45,64,"97733 Hill Via Brooksville, MO 53431",1995-03-07,47,save,ifitzgerald@example.org,Yes,34,friend,1963-12-16,1975-10-28
Burton,Lisa,1993-12-20,29,49,"747 Chambers Island Apt. 337 Ronaldberg, MH 28187",2003-04-24,1,soon,uflores@example.org,Yes,76,upon,2000-10-03,1994-03-18
Walker,Rachel,1975-08-25,48,98,"3632 Eric Valleys Suite 980 Fosterbury, KY 63624",1957-10-26,49,character,jenniferward@example.com,No,5,quite,1964-05-11,1995-06-17
Haney,Francis,2005-03-03,18,93,"55863 Amber Street Simpsontown, MI 38800",1989-09-01,50,why,juanmueller@example.org,No,8,dark,1985-08-14,1971-08-19
Jones,Jacob,1958-10-07,65,8,"8722 White Ville Apt. 814 South Jon, SD 42462",1999-06-19,66,tax,cookekevin@example.net,Yes,54,protect,1975-08-16,1966-10-19
Martinez,Brandon,1962-02-27,61,52,"54550 Barry Park Suite 805 New Melissa, NM 88612",1967-01-08,59,result,jacobchapman@example.org,Yes,2,from,1959-06-17,1996-10-03
Hill,Warren,1999-10-07,24,33,USS Mills FPO AP 90074,1966-06-14,92,next,sullivankimberly@example.net,Yes,60,through,1993-03-24,1972-11-04
Henry,Mark,1945-08-23,78,19,"536 Tyler Gateway Apt. 295 West Michaelside, OR 80238",2003-12-07,81,offer,bperez@example.org,Yes,78,PM,1977-02-25,1999-03-03
Thompson,Kelly,1940-07-22,83,11,"229 Corey Mall Suite 754 Jennybury, KY 42408",1964-06-01,11,small,annahanson@example.com,No,15,wonder,1980-08-05,1957-12-23
Ward,Ryan,1945-05-05,78,92,"722 Michelle Forges Apt. 927 Jamesshire, VA 19258",1996-07-08,77,believe,robert02@example.com,No,92,race,1981-12-21,1969-12-28
Mitchell,Lindsay,1992-09-13,31,38,"7431 Brittany Cape Apt. 992 Port Richard, SD 38684",1987-09-12,45,successful,arellanochristopher@example.net,Yes,14,character,1967-08-05,1989-04-12
Grant,David,1965-08-05,58,46,"0875 Taylor Island Hernandezberg, AS 43900",1984-02-11,74,compare,brian83@example.net,No,71,central,1961-01-09,1962-10-16
Fuentes,Elizabeth,1999-05-01,24,74,"1121 Corey Fields Apt. 467 South Julie, UT 94842",1980-05-24,81,out,melaniewheeler@example.com,Yes,63,agreement,1966-03-20,1967-09-30
Garcia,Elizabeth,1956-09-16,67,49,"144 Wanda Skyway Richardberg, NH 66215",1978-09-15,72,try,johnlee@example.com,Yes,27,significant,1970-05-16,1998-02-11
Reyes,Rodney,1953-10-20,69,47,"27718 Chen Estate Apt. 433 New Katrina, NJ 40323",1971-03-10,17,red,uward@example.com,Yes,2,response,1964-05-06,1975-02-03
Williams,Adam,1943-02-28,80,82,"20590 Jennifer Fort Apt. 029 Hunthaven, CO 69122",2005-08-09,47,card,pross@example.com,Yes,13,recent,1958-01-07,1974-09-29
Wilson,Patrick,1977-07-26,46,11,Unit 7800 Box 8762 DPO AE 57735,1989-10-16,42,real,williamthomas@example.net,No,65,field,1989-07-12,1984-02-14
Sanchez,Adam,1994-08-25,29,75,USCGC Hernandez FPO AA 50142,1972-03-02,61,quality,stevenkey@example.com,No,97,main,1958-08-11,1997-11-28
Carpenter,Jessica,1997-03-03,26,88,"663 Jennifer Hollow Knappstad, MI 81359",2000-06-08,60,natural,drodriguez@example.net,Yes,10,like,1996-10-05,2005-09-23
Christensen,Amber,1977-04-10,46,75,"216 Joseph Isle Jacquelineshire, ND 33597",1959-11-07,81,this,sheri65@example.org,No,42,make,1969-03-26,1958-06-12
Martinez,Karen,1958-12-04,64,73,"6072 Rebekah Row Ramirezfurt, UT 47735",1960-01-27,5,if,reyescheryl@example.com,Yes,11,court,1998-07-16,1984-10-24
Rodriguez,Brittney,1987-09-11,36,83,USCGC Delacruz FPO AE 02024,1972-09-25,3,every,patricia14@example.org,Yes,43,them,1982-09-11,1988-03-10
Pitts,Richard,1955-05-22,68,68,"19048 Sanchez Pines Lake Mark, ID 02465",1985-07-22,82,yes,pamelaramos@example.com,No,96,visit,1998-05-03,1977-12-07
Smith,Brenda,1973-05-19,50,57,USCGC Johnson FPO AE 48121,1987-04-04,82,trial,davismichael@example.com,Yes,100,result,1969-08-26,1991-02-02
Ruiz,Vincent,1961-07-28,62,41,"293 Thomas Junctions Apt. 378 Lake Sabrinamouth, AL 09300",2001-07-28,53,field,zjones@example.com,Yes,86,allow,2003-12-31,1996-02-10
Chandler,Austin,1965-08-19,58,81,"8226 Cheryl Branch Apt. 088 Joneshaven, IA 08294",1992-07-25,67,return,edwardsmark@example.net,No,17,visit,1980-09-20,2001-10-11
Montgomery,Jonathan,1944-08-11,79,58,Unit 8111 Box 6271 DPO AA 76831,1972-12-10,30,why,pateldeborah@example.net,No,96,skin,1978-01-25,1996-09-07
Bolton,Tanner,1943-07-11,80,73,"6458 Whitehead Prairie East Jacquelineview, CO 50741",1974-12-02,4,age,nicholas87@example.net,Yes,57,themselves,1990-08-04,1960-07-23
Wright,Mike,1967-08-13,56,59,"957 Justin Unions Jamesview, FM 42098",1969-09-21,25,according,ldelgado@example.net,Yes,32,success,1963-04-10,1966-04-16
Chapman,Kristin,1972-01-14,51,81,"131 Barker Station Apt. 761 North Katherinefurt, MT 97019",1982-05-12,59,individual,kennethjackson@example.net,Yes,78,guy,1987-06-29,1997-05-31
Hernandez,Kayla,1984-08-07,39,3,"791 Nathan River Rodriguezstad, WA 20871",1989-01-07,25,week,grayjuan@example.com,No,43,during,1974-05-11,1986-02-20
Grimes,Karen,1983-10-29,39,86,"7200 Kevin Stravenue New Cassandraborough, MI 48746",1981-01-28,45,various,johnsonjohn@example.net,No,66,Congress,1960-02-23,2001-07-27
White,Samuel,1964-06-30,59,80,"287 Green Springs Suite 843 East Tricia, MO 54834",1973-06-15,56,figure,millermichael@example.com,Yes,60,own,1963-09-08,1964-06-17
Barnett,Vincent,1977-03-21,46,72,Unit 2802 Box 5389 DPO AP 69300,2000-05-31,46,middle,elizabeth66@example.com,No,49,reason,1980-03-10,1967-10-25
Garcia,Henry,1957-03-31,66,13,"82561 Vasquez Lodge Pamelafurt, WA 27355",1960-11-13,7,total,wmartinez@example.com,No,41,kid,1978-12-08,1989-11-04
Holloway,Kyle,1979-12-09,43,6,"3542 Hammond Forest Port Jacobport, ND 50867",1993-12-16,59,unit,yramos@example.net,Yes,77,everybody,1993-04-17,1958-06-13
Dominguez,Katrina,2005-08-04,18,75,"117 Haynes Vista Suite 942 Port Melissa, WV 94684",1984-04-16,45,state,pwilson@example.org,Yes,5,energy,1957-12-06,1958-12-18
Everett,George,1948-04-24,75,19,"892 Eric Springs Tracytown, RI 55005",1961-08-04,49,draw,dmason@example.com,No,100,agency,1983-04-06,1962-10-17
Drake,Roger,1965-11-07,57,32,"16577 Mark Divide North Timothytown, MA 57128",1989-09-23,82,work,jeffrey86@example.net,Yes,13,include,1969-02-04,2000-08-19
Walker,Veronica,1966-12-04,56,15,"862 Alan Gateway Suite 082 Denisebury, NM 85306",1996-01-07,14,option,michaelwilson@example.org,No,51,describe,1961-08-24,2005-02-09
Munoz,Michael,1984-11-19,38,89,"8027 Jane Shoal Leonardchester, NE 35924",1958-05-23,57,first,gcasey@example.com,Yes,43,charge,1968-03-31,1979-01-24
Wagner,Christy,2001-06-21,22,36,"466 Porter Crest Rogersstad, UT 58359",1983-10-23,3,change,frederick30@example.org,No,88,today,1958-06-29,1967-01-24
Gaines,Martha,1990-12-29,32,92,"7870 Reid Mews Sarahstad, NY 04403",1983-01-31,57,represent,xsanders@example.net,No,0,point,1958-11-29,1960-03-18
Jones,Krista,1967-01-08,56,31,"262 Donna Spring Suite 392 Dennismouth, MI 89044",1962-08-31,39,cause,prattcharles@example.net,Yes,47,career,1970-09-11,1982-01-24
Carr,James,1984-12-03,38,16,"62157 Jeffrey Course Lake Amyview, ID 96762",1989-12-24,93,sign,lquinn@example.net,No,39,as,1982-06-13,1974-05-13
Brown,Joanna,1973-11-12,49,46,"11726 Madden Cliffs North James, KY 40864",1986-05-19,26,mouth,griffithstacy@example.com,Yes,99,interview,1977-03-27,1994-03-23
Hamilton,Deborah,1948-03-23,75,32,"413 Brian Spurs Suite 105 Dominiquetown, AZ 92255",1990-12-20,38,cost,albert95@example.com,No,50,degree,1976-04-26,1961-03-23
Carson,Richard,1990-02-04,33,11,"55535 Evan Spurs West Robert, AR 67241",1970-07-26,95,range,osmith@example.net,No,78,there,1997-04-01,1974-07-07
Brown,Samantha,2001-02-26,22,62,"68883 Alvarez Trace Suite 810 West Nancy, MD 73257",1991-02-08,22,employee,laurawhite@example.com,Yes,96,debate,1996-11-01,1982-01-16
Phillips,Jay,1973-12-14,49,92,"490 Daniel Locks Apt. 537 Larryhaven, WA 23275",1988-08-30,41,oil,yharrison@example.com,Yes,35,together,2002-09-29,2005-01-25
Cisneros,Dawn,2002-05-04,21,24,"18837 Haney Manors North Brittanyside, HI 27348",1982-08-28,13,glass,melanierivera@example.net,No,30,dinner,1976-07-11,1973-10-25
Allen,Brittney,1942-04-07,81,38,"150 Rodriguez Fall East William, CA 82443",1995-03-20,1,attention,xnelson@example.com,Yes,97,carry,1958-01-31,1985-08-17
Kramer,Michael,1955-03-10,68,60,"99176 Jonathan Station Suite 174 West Christina, MD 07367",1984-09-08,52,front,waltonphillip@example.com,No,38,ask,1982-08-12,1999-08-27
White,Mariah,2000-01-21,23,16,"30667 Donald Junction Apt. 418 Ethanfort, AS 26887",1973-06-07,21,yet,brett86@example.net,Yes,67,yourself,1970-11-07,1968-10-19
Roberts,Laura,1970-10-02,53,12,"PSC 9504, Box 1341 APO AP 79390",1965-07-26,75,through,sandra49@example.net,Yes,77,question,1981-09-04,1968-08-04
Hansen,Joseph,1998-10-30,24,73,"8072 Green Village Suite 059 New Johnburgh, TX 47791",1960-03-21,16,wide,kimberlyburch@example.com,No,56,pressure,1974-05-27,1990-10-13
Long,Annette,1999-12-04,23,35,Unit 9567 Box 4874 DPO AP 69635,1968-04-25,63,discover,isaacbryant@example.org,Yes,47,thus,1969-12-18,1984-08-26
Davies,Julia,1993-06-27,30,7,"05924 Grant Isle Herringborough, ME 91071",1990-02-12,9,politics,irobinson@example.net,No,30,individual,1993-03-30,1998-02-14
Garrett,Rebecca,1969-11-11,53,56,"493 Wanda Points Suite 466 Port Chelseashire, MH 17608",2003-12-11,30,threat,sandradalton@example.org,No,6,though,1977-05-11,1973-01-04
